ela_meta.lin_simple.adj_r2,ela_meta.lin_simple.intercept,ela_meta.lin_simple.coef.min,ela_meta.lin_simple.coef.max,ela_meta.lin_simple.coef.max_by_min,ela_meta.lin_w_interact.adj_r2,ela_meta.quad_simple.adj_r2,ela_meta.quad_simple.cond,ela_meta.quad_w_interact.adj_r2,ela_distr.skewness,ela_distr.kurtosis,ela_distr.number_of_peaks,ela_level.mmce_lda_10,ela_level.mmce_qda_10,ela_level.lda_qda_10,ela_level.mmce_lda_25,ela_level.mmce_qda_25,ela_level.lda_qda_25,ela_level.mmce_lda_50,ela_level.mmce_qda_50,ela_level.lda_qda_50,pca.expl_var.cov_x,pca.expl_var.cor_x,pca.expl_var.cov_init,pca.expl_var.cor_init,pca.expl_var_PC1.cov_x,pca.expl_var_PC1.cor_x,pca.expl_var_PC1.cov_init,pca.expl_var_PC1.cor_init,limo.avg_length,limo.avg_length_norm,limo.length_mean,limo.length_sd,limo.cor,limo.cor_norm,limo.ratio_mean,limo.ratio_sd,limo.sd_ratio_reg,limo.sd_ratio_norm,limo.sd_mean_reg,limo.sd_mean_norm,nbc.nn_nb.sd_ratio,nbc.nn_nb.mean_ratio,nbc.nn_nb.cor,nbc.dist_ratio.coeff_var,nbc.nb_fitness.cor,disp.ratio_mean_02,disp.ratio_mean_05,disp.ratio_mean_10,disp.ratio_mean_25,disp.ratio_median_02,disp.ratio_median_05,disp.ratio_median_10,disp.ratio_median_25,disp.diff_mean_02,disp.diff_mean_05,disp.diff_mean_10,disp.diff_mean_25,disp.diff_median_02,disp.diff_median_05,disp.diff_median_10,disp.diff_median_25,ic.h_max,ic.eps_s,ic.eps_max,ic.eps_ratio,ic.m0
0.47226847877876416,0.6958348434782362,0.00042880271355857344,0.05725967263794444,512.3354822053541,0.4652840852057916,0.9978691449326291,5270.841844755305,0.9982658020230335,-0.8202683849950214,-0.6089780561505759,1.92,0.0835333333333333,0.04659999999999999,4.667432900432901,0.1296,0.08986666666666662,4.837524272955245,0.24066666666666664,0.06719999999999995,3.0440157545152315,1.0,1.0,0.8333333333333334,0.9,0.21109014428765396,0.2107888556950996,0.21084261608729604,0.261485722644175,0.020054542597714352,,0.07968964982262354,0.08389339660794945,-0.001995359276793765,,,,1.781646893747044,,0.04912577328111996,,0.5034891844871672,0.8318470494499486,0.4475186432884559,0.19811881563953024,-0.38683969607269614,0.973441141055831,0.9943857745410881,0.9964590229025511,0.9862918941437954,0.954020169600857,1.0034417473959223,1.013356911799569,0.9982214184677052,-0.23265798967945303,-0.04929422535898755,-0.03106117149841845,-0.12058424851141156,-0.4047371610265419,0.030299518561081352,0.11791220972087357,-0.015805759572152488,0.7564963891480636,-0.7165165165165164,0.019894431134604446,-1.386786786786787,0.5090969899665552
