ela_meta.lin_simple.adj_r2,ela_meta.lin_simple.intercept,ela_meta.lin_simple.coef.min,ela_meta.lin_simple.coef.max,ela_meta.lin_simple.coef.max_by_min,ela_meta.lin_w_interact.adj_r2,ela_meta.quad_simple.adj_r2,ela_meta.quad_simple.cond,ela_meta.quad_w_interact.adj_r2,ela_distr.skewness,ela_distr.kurtosis,ela_distr.number_of_peaks,ela_level.mmce_lda_10,ela_level.mmce_qda_10,ela_level.lda_qda_10,ela_level.mmce_lda_25,ela_level.mmce_qda_25,ela_level.lda_qda_25,ela_level.mmce_lda_50,ela_level.mmce_qda_50,ela_level.lda_qda_50,pca.expl_var.cov_x,pca.expl_var.cor_x,pca.expl_var.cov_init,pca.expl_var.cor_init,pca.expl_var_PC1.cov_x,pca.expl_var_PC1.cor_x,pca.expl_var_PC1.cov_init,pca.expl_var_PC1.cor_init,limo.avg_length,limo.avg_length_norm,limo.length_mean,limo.length_sd,limo.cor,limo.cor_norm,limo.ratio_mean,limo.ratio_sd,limo.sd_ratio_reg,limo.sd_ratio_norm,limo.sd_mean_reg,limo.sd_mean_norm,nbc.nn_nb.sd_ratio,nbc.nn_nb.mean_ratio,nbc.nn_nb.cor,nbc.dist_ratio.coeff_var,nbc.nb_fitness.cor,disp.ratio_mean_02,disp.ratio_mean_05,disp.ratio_mean_10,disp.ratio_mean_25,disp.ratio_median_02,disp.ratio_median_05,disp.ratio_median_10,disp.ratio_median_25,disp.diff_mean_02,disp.diff_mean_05,disp.diff_mean_10,disp.diff_mean_25,disp.diff_median_02,disp.diff_median_05,disp.diff_median_10,disp.diff_median_25,ic.h_max,ic.eps_s,ic.eps_max,ic.eps_ratio,ic.m0
0.22482137977984742,0.6307143277306032,0.010433401623483034,0.012826156718961238,1.2308368014244442,0.34709912829390216,0.6775194557497781,1.1928923942867666,0.80947301312696,-0.43933091704688987,0.27820189306858134,2.0,0.10266666666666664,0.09853333333333332,1.0421876608528922,0.2727333333333333,0.17339999999999994,1.57729316450563,0.3132,0.1953333333333333,1.607789893322003,1.0,1.0,0.8333333333333334,0.8333333333333334,0.21109014428765396,0.2107888556950996,0.21098355381321854,0.24625063079727166,0.011753416890534043,,0.06872284445312327,0.07242124157985866,0.007869782712698399,,,,1.2740831878402084,,0.044229803668598335,,0.39283382066806655,0.7925851161640262,0.468000210137811,0.21937608260151475,-0.4937126697117712,1.2969594781509275,1.2230109460244225,1.194617420734508,1.1415615149865992,1.3507719781932657,1.2691884345634719,1.22921979345132,1.1650217164582308,2.6106352122015197,1.9603815473779975,1.710783277947098,1.244368618294557,3.0948081431475756,2.3749979930843663,2.022275131045732,1.4558638726999162,0.8562978871555463,-0.8750750750750746,0.022509250869776964,-1.437237237237237,0.5795317725752508
