ela_meta.lin_simple.adj_r2,ela_meta.lin_simple.intercept,ela_meta.lin_simple.coef.min,ela_meta.lin_simple.coef.max,ela_meta.lin_simple.coef.max_by_min,ela_meta.lin_w_interact.adj_r2,ela_meta.quad_simple.adj_r2,ela_meta.quad_simple.cond,ela_meta.quad_w_interact.adj_r2,ela_distr.skewness,ela_distr.kurtosis,ela_distr.number_of_peaks,ela_level.mmce_lda_10,ela_level.mmce_qda_10,ela_level.lda_qda_10,ela_level.mmce_lda_25,ela_level.mmce_qda_25,ela_level.lda_qda_25,ela_level.mmce_lda_50,ela_level.mmce_qda_50,ela_level.lda_qda_50,pca.expl_var.cov_x,pca.expl_var.cor_x,pca.expl_var.cov_init,pca.expl_var.cor_init,pca.expl_var_PC1.cov_x,pca.expl_var_PC1.cor_x,pca.expl_var_PC1.cov_init,pca.expl_var_PC1.cor_init,limo.avg_length,limo.avg_length_norm,limo.length_mean,limo.length_sd,limo.cor,limo.cor_norm,limo.ratio_mean,limo.ratio_sd,limo.sd_ratio_reg,limo.sd_ratio_norm,limo.sd_mean_reg,limo.sd_mean_norm,nbc.nn_nb.sd_ratio,nbc.nn_nb.mean_ratio,nbc.nn_nb.cor,nbc.dist_ratio.coeff_var,nbc.nb_fitness.cor,disp.ratio_mean_02,disp.ratio_mean_05,disp.ratio_mean_10,disp.ratio_mean_25,disp.ratio_median_02,disp.ratio_median_05,disp.ratio_median_10,disp.ratio_median_25,disp.diff_mean_02,disp.diff_mean_05,disp.diff_mean_10,disp.diff_mean_25,disp.diff_median_02,disp.diff_median_05,disp.diff_median_10,disp.diff_median_25,ic.h_max,ic.eps_s,ic.eps_max,ic.eps_ratio,ic.m0
0.334660172192698,0.8463528178438027,0.0014146359244288202,0.0257954630383882,144.82616011500147,0.788397362683914,0.5306960320168914,130.383786514197,0.9961329582528604,-1.7447715007855145,3.0920319822007256,2.56,0.06499999999999997,0.04539999999999996,1.6172589496562697,0.12413333333333332,0.060666666666666626,1.7873190818639404,0.2879999999999999,0.07799999999999997,3.8701951767339353,1.0,1.0,0.8333333333333334,0.9,0.21109014428765396,0.2107888556950996,0.210986359538192,0.24966617992186282,0.013167670811899642,,0.05426104507595238,0.064600641320565,-0.0110994230359255,,,,1.445300546966228,,0.036842034477744076,,0.563114235521938,0.8461654807678214,0.525734748365697,0.18336640130174947,-0.40010805663499616,0.806789786059378,0.9124009249384806,0.9362411413730902,0.97823694839899,0.7825062012086614,0.922779606225648,0.9365579887578829,0.9832055062865385,-1.6978558708492173,-0.7698059005754134,-0.5603812502097588,-0.19131091680654014,-1.9181131082869811,-0.6811811845726296,-0.5593976701972414,-0.14821816010060668,0.7559868613226084,-0.8606606606606604,0.009003508762893093,-1.6894894894894894,0.5119732441471573
