ela_meta.lin_simple.adj_r2,ela_meta.lin_simple.intercept,ela_meta.lin_simple.coef.min,ela_meta.lin_simple.coef.max,ela_meta.lin_simple.coef.max_by_min,ela_meta.lin_w_interact.adj_r2,ela_meta.quad_simple.adj_r2,ela_meta.quad_simple.cond,ela_meta.quad_w_interact.adj_r2,ela_distr.skewness,ela_distr.kurtosis,ela_distr.number_of_peaks,ela_level.mmce_lda_10,ela_level.mmce_qda_10,ela_level.lda_qda_10,ela_level.mmce_lda_25,ela_level.mmce_qda_25,ela_level.lda_qda_25,ela_level.mmce_lda_50,ela_level.mmce_qda_50,ela_level.lda_qda_50,pca.expl_var.cov_x,pca.expl_var.cor_x,pca.expl_var.cov_init,pca.expl_var.cor_init,pca.expl_var_PC1.cov_x,pca.expl_var_PC1.cor_x,pca.expl_var_PC1.cov_init,pca.expl_var_PC1.cor_init,limo.avg_length,limo.avg_length_norm,limo.length_mean,limo.length_sd,limo.cor,limo.cor_norm,limo.ratio_mean,limo.ratio_sd,limo.sd_ratio_reg,limo.sd_ratio_norm,limo.sd_mean_reg,limo.sd_mean_norm,nbc.nn_nb.sd_ratio,nbc.nn_nb.mean_ratio,nbc.nn_nb.cor,nbc.dist_ratio.coeff_var,nbc.nb_fitness.cor,disp.ratio_mean_02,disp.ratio_mean_05,disp.ratio_mean_10,disp.ratio_mean_25,disp.ratio_median_02,disp.ratio_median_05,disp.ratio_median_10,disp.ratio_median_25,disp.diff_mean_02,disp.diff_mean_05,disp.diff_mean_10,disp.diff_mean_25,disp.diff_median_02,disp.diff_median_05,disp.diff_median_10,disp.diff_median_25,ic.h_max,ic.eps_s,ic.eps_max,ic.eps_ratio,ic.m0
0.7723285725631822,0.6429873165839951,0.004298750176874152,0.035514549515583506,12.350374042042613,0.7703692376981299,1.0,1.000000000000004,1.0,-0.47806682495348446,-0.07538011632021702,1.2,0.05453333333333331,0.0513333333333333,1.0628575577886274,0.1101333333333333,0.09786666666666663,1.1223204306429444,0.15626666666666664,0.12086666666666661,1.290022109963593,1.0,1.0,0.8333333333333334,0.8333333333333334,0.2110901442876539,0.2107888556950996,0.21104335855025927,0.31307681842170204,0.017634280607835333,,0.052593681803309734,0.05356311578434443,0.001493934817024685,,,,1.296216696442788,,0.03248631377457354,,0.5043127075302511,0.8222275885267205,0.5554603482887702,0.19802630202463517,-0.3907287060705692,0.8936805544442439,0.9134147069333091,0.9435172001396801,0.9938248980489535,0.8961079474413998,0.9078898989859621,0.9402142548493868,0.9943188767351149,-0.9348598732027632,-0.7610450771557008,-0.4963362068259376,-0.05427309024767259,-0.916942894021999,-0.8125329523521273,-0.5272432402410485,-0.050127698440221066,0.8137939852317695,-1.0576576576576575,0.016416847573847416,-1.586986986986987,0.500267558528428
