ela_meta.lin_simple.adj_r2,ela_meta.lin_simple.intercept,ela_meta.lin_simple.coef.min,ela_meta.lin_simple.coef.max,ela_meta.lin_simple.coef.max_by_min,ela_meta.lin_w_interact.adj_r2,ela_meta.quad_simple.adj_r2,ela_meta.quad_simple.cond,ela_meta.quad_w_interact.adj_r2,ela_distr.skewness,ela_distr.kurtosis,ela_distr.number_of_peaks,ela_level.mmce_lda_10,ela_level.mmce_qda_10,ela_level.lda_qda_10,ela_level.mmce_lda_25,ela_level.mmce_qda_25,ela_level.lda_qda_25,ela_level.mmce_lda_50,ela_level.mmce_qda_50,ela_level.lda_qda_50,pca.expl_var.cov_x,pca.expl_var.cor_x,pca.expl_var.cov_init,pca.expl_var.cor_init,pca.expl_var_PC1.cov_x,pca.expl_var_PC1.cor_x,pca.expl_var_PC1.cov_init,pca.expl_var_PC1.cor_init,limo.avg_length,limo.avg_length_norm,limo.length_mean,limo.length_sd,limo.cor,limo.cor_norm,limo.ratio_mean,limo.ratio_sd,limo.sd_ratio_reg,limo.sd_ratio_norm,limo.sd_mean_reg,limo.sd_mean_norm,nbc.nn_nb.sd_ratio,nbc.nn_nb.mean_ratio,nbc.nn_nb.cor,nbc.dist_ratio.coeff_var,nbc.nb_fitness.cor,disp.ratio_mean_02,disp.ratio_mean_05,disp.ratio_mean_10,disp.ratio_mean_25,disp.ratio_median_02,disp.ratio_median_05,disp.ratio_median_10,disp.ratio_median_25,disp.diff_mean_02,disp.diff_mean_05,disp.diff_mean_10,disp.diff_mean_25,disp.diff_median_02,disp.diff_median_05,disp.diff_median_10,disp.diff_median_25,ic.h_max,ic.eps_s,ic.eps_max,ic.eps_ratio,ic.m0
0.0008129830742511758,0.7187064567747704,0.0005370410993473298,0.004095898875416127,24.700898993743532,0.0016662148276015323,0.0003858454321420455,171.56946828060194,0.0032257916889845,-1.032934946059505,1.6604420091408585,1.8,0.1,0.10046666666666663,0.9954098360655739,0.25,0.25179999999999997,0.9929964520923885,0.4984666666666667,0.5054666666666667,0.9870821586859716,1.0,1.0,0.8333333333333334,1.0,0.21109014428765396,0.2107888556950996,0.21096068935540777,0.1840815524563301,0.012779279575707275,,0.1111779550442111,0.14861593232714423,0.02460200483205785,,,,1.4018402626407689,,0.08270605335007905,,0.49869414373157717,0.8092900049443841,0.37930351955371,0.2236074581116005,-0.6986489635192329,0.9832723073821876,0.9977251806710171,1.0131115309160132,1.0031204866207877,0.9791262784555113,1.0009277146625726,1.0177871789206214,1.00428465511015,-0.14723008847609215,-0.020337328315376692,0.1152221519659619,0.027434423073151915,-0.1841226783809788,0.007776936585617578,0.1569333151891662,0.03780629487463207,0.8636961511392538,-0.5059059059059058,0.03370192560170807,-1.2162162162162165,0.66314381270903
