ela_meta.lin_simple.adj_r2,ela_meta.lin_simple.intercept,ela_meta.lin_simple.coef.min,ela_meta.lin_simple.coef.max,ela_meta.lin_simple.coef.max_by_min,ela_meta.lin_w_interact.adj_r2,ela_meta.quad_simple.adj_r2,ela_meta.quad_simple.cond,ela_meta.quad_w_interact.adj_r2,ela_distr.skewness,ela_distr.kurtosis,ela_distr.number_of_peaks,ela_level.mmce_lda_10,ela_level.mmce_qda_10,ela_level.lda_qda_10,ela_level.mmce_lda_25,ela_level.mmce_qda_25,ela_level.lda_qda_25,ela_level.mmce_lda_50,ela_level.mmce_qda_50,ela_level.lda_qda_50,pca.expl_var.cov_x,pca.expl_var.cor_x,pca.expl_var.cov_init,pca.expl_var.cor_init,pca.expl_var_PC1.cov_x,pca.expl_var_PC1.cor_x,pca.expl_var_PC1.cov_init,pca.expl_var_PC1.cor_init,limo.avg_length,limo.avg_length_norm,limo.length_mean,limo.length_sd,limo.cor,limo.cor_norm,limo.ratio_mean,limo.ratio_sd,limo.sd_ratio_reg,limo.sd_ratio_norm,limo.sd_mean_reg,limo.sd_mean_norm,nbc.nn_nb.sd_ratio,nbc.nn_nb.mean_ratio,nbc.nn_nb.cor,nbc.dist_ratio.coeff_var,nbc.nb_fitness.cor,disp.ratio_mean_02,disp.ratio_mean_05,disp.ratio_mean_10,disp.ratio_mean_25,disp.ratio_median_02,disp.ratio_median_05,disp.ratio_median_10,disp.ratio_median_25,disp.diff_mean_02,disp.diff_mean_05,disp.diff_mean_10,disp.diff_mean_25,disp.diff_median_02,disp.diff_median_05,disp.diff_median_10,disp.diff_median_25,ic.h_max,ic.eps_s,ic.eps_max,ic.eps_ratio,ic.m0
0.022822184636274785,0.31860539532455756,0.000917843010740903,0.009334559453580017,99.51623940781423,0.05850678000134082,0.08629822350655811,5.091067218521334,0.1701322173855211,1.1523684815436903,0.5873390062242282,1.3599999999999999,0.10006666666666666,0.09966666666666664,1.0043309771972353,0.2492666666666666,0.23926666666666666,1.0447831190096728,0.4378,0.3864666666666666,1.1358525304674418,1.0,1.0,0.8333333333333334,1.0,0.21109014428765396,0.2107888556950996,0.21086741922832175,0.19571102042018698,0.011049567905542481,,0.10414743659672879,0.1488286020139345,0.027783042158992417,,,,1.4818986446005247,,0.08042903262435731,,0.4224204990458153,0.8027886827722831,0.4068475108476246,0.2189591543488872,-0.4639713124130404,1.2099872109764604,1.181526336545693,1.1435615939074584,1.0924569837305513,1.259735576387109,1.216731072620105,1.167277497937193,1.106695227107365,1.8457937965542013,1.5958600927186015,1.2619690441586822,0.8127136587222203,2.2913546926747417,1.9123518678304863,1.4758201134971685,0.9412777089578231,0.8223467529609216,-0.5219219219219218,0.025752752434200738,-1.2090090090090093,0.5983946488294315
