ela_meta.lin_simple.adj_r2,ela_meta.lin_simple.intercept,ela_meta.lin_simple.coef.min,ela_meta.lin_simple.coef.max,ela_meta.lin_simple.coef.max_by_min,ela_meta.lin_w_interact.adj_r2,ela_meta.quad_simple.adj_r2,ela_meta.quad_simple.cond,ela_meta.quad_w_interact.adj_r2,ela_distr.skewness,ela_distr.kurtosis,ela_distr.number_of_peaks,ela_level.mmce_lda_10,ela_level.mmce_qda_10,ela_level.lda_qda_10,ela_level.mmce_lda_25,ela_level.mmce_qda_25,ela_level.lda_qda_25,ela_level.mmce_lda_50,ela_level.mmce_qda_50,ela_level.lda_qda_50,pca.expl_var.cov_x,pca.expl_var.cor_x,pca.expl_var.cov_init,pca.expl_var.cor_init,pca.expl_var_PC1.cov_x,pca.expl_var_PC1.cor_x,pca.expl_var_PC1.cov_init,pca.expl_var_PC1.cor_init,limo.avg_length,limo.avg_length_norm,limo.length_mean,limo.length_sd,limo.cor,limo.cor_norm,limo.ratio_mean,limo.ratio_sd,limo.sd_ratio_reg,limo.sd_ratio_norm,limo.sd_mean_reg,limo.sd_mean_norm,nbc.nn_nb.sd_ratio,nbc.nn_nb.mean_ratio,nbc.nn_nb.cor,nbc.dist_ratio.coeff_var,nbc.nb_fitness.cor,disp.ratio_mean_02,disp.ratio_mean_05,disp.ratio_mean_10,disp.ratio_mean_25,disp.ratio_median_02,disp.ratio_median_05,disp.ratio_median_10,disp.ratio_median_25,disp.diff_mean_02,disp.diff_mean_05,disp.diff_mean_10,disp.diff_mean_25,disp.diff_median_02,disp.diff_median_05,disp.diff_median_10,disp.diff_median_25,ic.h_max,ic.eps_s,ic.eps_max,ic.eps_ratio,ic.m0
0.0020158510883388965,0.5772366114585454,0.0006537987771578959,0.005218812887853116,29.045891440962237,0.000843504756384824,0.0009977715046358027,12.74120363055191,-0.010816803787704367,-0.35775700424699186,-0.5883835767226129,1.04,0.1,0.1,1.0,0.25006666666666666,0.25279999999999997,0.9893220666301732,0.5015333333333334,0.5023333333333333,0.9992412400931368,1.0,1.0,0.8333333333333334,1.0,0.21109014428765396,0.2107888556950996,0.21086412664778514,0.1856740886245915,0.015725802308844676,,0.14968802024595804,0.2148606217722353,0.08980418756420042,,,,1.512406944636244,,0.1157153178227037,,0.4876256502756888,0.8084672817569188,0.3733775621696618,0.2226567085085127,-0.6611377001020525,0.9932412712456339,1.0233774129707562,1.0025445249030196,0.9988119988623936,0.9904032445900984,1.0262511543062476,1.00444225512156,0.9983277154936655,-0.059339608579563,0.20527371218684096,0.022258964966234772,-0.010471553236275766,-0.08438423785474689,0.2313381024908571,0.03902665094371663,-0.014782251341192107,0.8750368642465925,-0.4266266266266264,0.052530195632873214,-1.0464464464464462,0.6709030100334449
