ela_meta.lin_simple.adj_r2,ela_meta.lin_simple.intercept,ela_meta.lin_simple.coef.min,ela_meta.lin_simple.coef.max,ela_meta.lin_simple.coef.max_by_min,ela_meta.lin_w_interact.adj_r2,ela_meta.quad_simple.adj_r2,ela_meta.quad_simple.cond,ela_meta.quad_w_interact.adj_r2,ela_distr.skewness,ela_distr.kurtosis,ela_distr.number_of_peaks,ela_level.mmce_lda_10,ela_level.mmce_qda_10,ela_level.lda_qda_10,ela_level.mmce_lda_25,ela_level.mmce_qda_25,ela_level.lda_qda_25,ela_level.mmce_lda_50,ela_level.mmce_qda_50,ela_level.lda_qda_50,pca.expl_var.cov_x,pca.expl_var.cor_x,pca.expl_var.cov_init,pca.expl_var.cor_init,pca.expl_var_PC1.cov_x,pca.expl_var_PC1.cor_x,pca.expl_var_PC1.cov_init,pca.expl_var_PC1.cor_init,limo.avg_length,limo.avg_length_norm,limo.length_mean,limo.length_sd,limo.cor,limo.cor_norm,limo.ratio_mean,limo.ratio_sd,limo.sd_ratio_reg,limo.sd_ratio_norm,limo.sd_mean_reg,limo.sd_mean_norm,nbc.nn_nb.sd_ratio,nbc.nn_nb.mean_ratio,nbc.nn_nb.cor,nbc.dist_ratio.coeff_var,nbc.nb_fitness.cor,disp.ratio_mean_02,disp.ratio_mean_05,disp.ratio_mean_10,disp.ratio_mean_25,disp.ratio_median_02,disp.ratio_median_05,disp.ratio_median_10,disp.ratio_median_25,disp.diff_mean_02,disp.diff_mean_05,disp.diff_mean_10,disp.diff_mean_25,disp.diff_median_02,disp.diff_median_05,disp.diff_median_10,disp.diff_median_25,ic.h_max,ic.eps_s,ic.eps_max,ic.eps_ratio,ic.m0
0.05151837500188985,0.8880910157771889,0.0011202359434829578,0.005825687806882101,107.58332908374841,0.23077329568587399,0.5613875649974858,2.2654267240185364,0.8363420580261914,-3.035132557209484,18.158142047030232,3.6,0.1,0.0983333333333333,1.0172087729551815,0.2427333333333333,0.1824666666666666,1.3355711934015706,0.42833333333333334,0.1769333333333333,2.4374975836044577,1.0,1.0,0.8333333333333334,1.0,0.21109014428765396,0.2107888556950996,0.21104235967145382,0.20831904585685548,0.005693335132477928,,0.04708718614461983,0.06314790872706136,0.025676789458498005,,,,1.3067320201302377,,0.035009388468506764,,0.37189344801585206,0.7956210488895681,0.46261412403501356,0.21515041563217335,-0.5051553306978415,1.3544962671789083,1.277335329668292,1.2337600751291902,1.1708651900306606,1.4003550036046608,1.3082231934054893,1.2595789974560962,1.1929097830224584,3.1165073793747076,2.437971202128566,2.0550909681362244,1.5020270134835179,3.5326008577268153,2.7193809619839615,2.290375487254635,1.701983140730976,0.7915236057119395,-0.9959959959959956,0.007454464132747317,-1.8168168168168173,0.5450167224080268
