ela_meta.lin_simple.adj_r2,ela_meta.lin_simple.intercept,ela_meta.lin_simple.coef.min,ela_meta.lin_simple.coef.max,ela_meta.lin_simple.coef.max_by_min,ela_meta.lin_w_interact.adj_r2,ela_meta.quad_simple.adj_r2,ela_meta.quad_simple.cond,ela_meta.quad_w_interact.adj_r2,ela_distr.skewness,ela_distr.kurtosis,ela_distr.number_of_peaks,ela_level.mmce_lda_10,ela_level.mmce_qda_10,ela_level.lda_qda_10,ela_level.mmce_lda_25,ela_level.mmce_qda_25,ela_level.lda_qda_25,ela_level.mmce_lda_50,ela_level.mmce_qda_50,ela_level.lda_qda_50,pca.expl_var.cov_x,pca.expl_var.cor_x,pca.expl_var.cov_init,pca.expl_var.cor_init,pca.expl_var_PC1.cov_x,pca.expl_var_PC1.cor_x,pca.expl_var_PC1.cov_init,pca.expl_var_PC1.cor_init,limo.avg_length,limo.avg_length_norm,limo.length_mean,limo.length_sd,limo.cor,limo.cor_norm,limo.ratio_mean,limo.ratio_sd,limo.sd_ratio_reg,limo.sd_ratio_norm,limo.sd_mean_reg,limo.sd_mean_norm,nbc.nn_nb.sd_ratio,nbc.nn_nb.mean_ratio,nbc.nn_nb.cor,nbc.dist_ratio.coeff_var,nbc.nb_fitness.cor,disp.ratio_mean_02,disp.ratio_mean_05,disp.ratio_mean_10,disp.ratio_mean_25,disp.ratio_median_02,disp.ratio_median_05,disp.ratio_median_10,disp.ratio_median_25,disp.diff_mean_02,disp.diff_mean_05,disp.diff_mean_10,disp.diff_mean_25,disp.diff_median_02,disp.diff_median_05,disp.diff_median_10,disp.diff_median_25,ic.h_max,ic.eps_s,ic.eps_max,ic.eps_ratio,ic.m0
0.04953350412648293,0.8887899497952743,0.0011152236185332503,0.00757273385661522,23.889810853842544,0.26410843032294123,0.5348374142254612,1.8201089553692662,0.8247827309077931,-2.6674088818057724,12.507042782865973,3.9200000000000004,0.1,0.09786666666666663,1.0221921769384994,0.2472666666666666,0.17579999999999996,1.409702466105033,0.4224,0.17226666666666662,2.465637735119049,1.0,1.0,0.8333333333333334,1.0,0.21109014428765396,0.2107888556950996,0.21102273379990827,0.20804329365587346,0.0061580962911662596,,0.05174821265063998,0.06699132711949349,0.008564036264258872,,,,1.3188224251194351,,0.037620747254567086,,0.3812982427546256,0.7977738751516885,0.479478231988951,0.2128327886617109,-0.5046370466492298,1.302840841483568,1.2676655674882933,1.2330100622829705,1.171093750882481,1.353961260063517,1.2981691422465034,1.259389437198076,1.195163390575594,2.662272763055612,2.353025000744036,2.0483833115537156,1.5040432700518245,3.1229521120394708,2.6307848865055656,2.288609831832204,1.7218678261704958,0.7756072265580238,-0.9279279279279276,0.008274243369788204,-1.7383383383383386,0.5238795986622073
