ela_meta.lin_simple.adj_r2,ela_meta.lin_simple.intercept,ela_meta.lin_simple.coef.min,ela_meta.lin_simple.coef.max,ela_meta.lin_simple.coef.max_by_min,ela_meta.lin_w_interact.adj_r2,ela_meta.quad_simple.adj_r2,ela_meta.quad_simple.cond,ela_meta.quad_w_interact.adj_r2,ela_distr.skewness,ela_distr.kurtosis,ela_distr.number_of_peaks,ela_level.mmce_lda_10,ela_level.mmce_qda_10,ela_level.lda_qda_10,ela_level.mmce_lda_25,ela_level.mmce_qda_25,ela_level.lda_qda_25,ela_level.mmce_lda_50,ela_level.mmce_qda_50,ela_level.lda_qda_50,pca.expl_var.cov_x,pca.expl_var.cor_x,pca.expl_var.cov_init,pca.expl_var.cor_init,pca.expl_var_PC1.cov_x,pca.expl_var_PC1.cor_x,pca.expl_var_PC1.cov_init,pca.expl_var_PC1.cor_init,limo.avg_length,limo.avg_length_norm,limo.length_mean,limo.length_sd,limo.cor,limo.cor_norm,limo.ratio_mean,limo.ratio_sd,limo.sd_ratio_reg,limo.sd_ratio_norm,limo.sd_mean_reg,limo.sd_mean_norm,nbc.nn_nb.sd_ratio,nbc.nn_nb.mean_ratio,nbc.nn_nb.cor,nbc.dist_ratio.coeff_var,nbc.nb_fitness.cor,disp.ratio_mean_02,disp.ratio_mean_05,disp.ratio_mean_10,disp.ratio_mean_25,disp.ratio_median_02,disp.ratio_median_05,disp.ratio_median_10,disp.ratio_median_25,disp.diff_mean_02,disp.diff_mean_05,disp.diff_mean_10,disp.diff_mean_25,disp.diff_median_02,disp.diff_median_05,disp.diff_median_10,disp.diff_median_25,ic.h_max,ic.eps_s,ic.eps_max,ic.eps_ratio,ic.m0
1.0,0.5058985495892847,0.0057448449088859,0.05744844908885952,10.000000000000004,1.0,1.0,17.643076612507127,1.0,-0.008502170441274276,-0.6490766172822512,1.08,0.03719999999999994,0.020999999999999956,1.8817099403864108,0.016199999999999957,0.025599999999999963,0.6419193747429042,0.03766666666666662,0.03839999999999994,0.980609813070225,1.0,1.0,0.8333333333333334,0.8333333333333334,0.2110901442876539,0.2107888556950996,0.21114120358002605,0.334336340189834,0.022020411200949257,,0.04337433932027411,0.043801201497576506,-0.013620308308115933,,,,1.3539417189845426,,0.025617734574321215,,0.7358738598890139,0.8730126155973179,0.5699791749873325,0.1673416215686601,-0.33213933395314876,0.6819660496554798,0.7315802963856647,0.7846065827169749,0.862649249858064,0.6617322689888455,0.7118520017521482,0.7712778247948566,0.858313068158196,-2.795562440618597,-2.3596295093231485,-1.8935215755205281,-1.2074346956884419,-2.984468823656532,-2.5424127563883254,-2.018017917839014,-1.2501067729040745,0.8077181208536353,-1.185785785785786,0.016113475398534617,-1.6006006006006004,0.4636789297658863
