ela_meta.lin_simple.adj_r2,ela_meta.lin_simple.intercept,ela_meta.lin_simple.coef.min,ela_meta.lin_simple.coef.max,ela_meta.lin_simple.coef.max_by_min,ela_meta.lin_w_interact.adj_r2,ela_meta.quad_simple.adj_r2,ela_meta.quad_simple.cond,ela_meta.quad_w_interact.adj_r2,ela_distr.skewness,ela_distr.kurtosis,ela_distr.number_of_peaks,ela_level.mmce_lda_10,ela_level.mmce_qda_10,ela_level.lda_qda_10,ela_level.mmce_lda_25,ela_level.mmce_qda_25,ela_level.lda_qda_25,ela_level.mmce_lda_50,ela_level.mmce_qda_50,ela_level.lda_qda_50,pca.expl_var.cov_x,pca.expl_var.cor_x,pca.expl_var.cov_init,pca.expl_var.cor_init,pca.expl_var_PC1.cov_x,pca.expl_var_PC1.cor_x,pca.expl_var_PC1.cov_init,pca.expl_var_PC1.cor_init,limo.avg_length,limo.avg_length_norm,limo.length_mean,limo.length_sd,limo.cor,limo.cor_norm,limo.ratio_mean,limo.ratio_sd,limo.sd_ratio_reg,limo.sd_ratio_norm,limo.sd_mean_reg,limo.sd_mean_norm,nbc.nn_nb.sd_ratio,nbc.nn_nb.mean_ratio,nbc.nn_nb.cor,nbc.dist_ratio.coeff_var,nbc.nb_fitness.cor,disp.ratio_mean_02,disp.ratio_mean_05,disp.ratio_mean_10,disp.ratio_mean_25,disp.ratio_median_02,disp.ratio_median_05,disp.ratio_median_10,disp.ratio_median_25,disp.diff_mean_02,disp.diff_mean_05,disp.diff_mean_10,disp.diff_mean_25,disp.diff_median_02,disp.diff_median_05,disp.diff_median_10,disp.diff_median_25,ic.h_max,ic.eps_s,ic.eps_max,ic.eps_ratio,ic.m0
0.5503813787250303,0.8535055264666003,0.0015754283461415313,0.019988960730001698,92.20452774385721,0.940799641056844,0.6014585615579419,91.5136955053057,0.9927841606682882,-1.9659518961091909,5.712543193745553,3.2400000000000007,0.05189999999999997,0.04513333333333329,1.1209002232759715,0.08146666666666665,0.0619333333333333,1.1179956206645425,0.1680333333333333,0.07073333333333329,2.115523486592624,0.9,0.9,0.8181818181818181,0.8545454545454545,0.10663577073383879,0.10627019971436728,0.1066228733354924,0.15544120874751605,,,,,,,,,,,,,0.7024034047058096,0.9115988743053652,0.6350899819174873,0.11361509350045709,-0.4408313150710196,0.8931764460095524,0.9148575087819101,0.9366364768683357,0.9720175518189442,0.8871219109978934,0.9087805018546955,0.933169968583381,0.9723522189727625,-1.3539327990400003,-1.0791086725858963,-0.8030977828504673,-0.3546598125573329,-1.4333256294819026,-1.1582092833396738,-0.848579079710548,-0.35107172969768785,0.800399355726241,-1.209009009009009,0.004950331477152859,-2.0186186186186186,0.5548247078464108
