ela_meta.lin_simple.adj_r2,ela_meta.lin_simple.intercept,ela_meta.lin_simple.coef.min,ela_meta.lin_simple.coef.max,ela_meta.lin_simple.coef.max_by_min,ela_meta.lin_w_interact.adj_r2,ela_meta.quad_simple.adj_r2,ela_meta.quad_simple.cond,ela_meta.quad_w_interact.adj_r2,ela_distr.skewness,ela_distr.kurtosis,ela_distr.number_of_peaks,ela_level.mmce_lda_10,ela_level.mmce_qda_10,ela_level.lda_qda_10,ela_level.mmce_lda_25,ela_level.mmce_qda_25,ela_level.lda_qda_25,ela_level.mmce_lda_50,ela_level.mmce_qda_50,ela_level.lda_qda_50,pca.expl_var.cov_x,pca.expl_var.cor_x,pca.expl_var.cov_init,pca.expl_var.cor_init,pca.expl_var_PC1.cov_x,pca.expl_var_PC1.cor_x,pca.expl_var_PC1.cov_init,pca.expl_var_PC1.cor_init,limo.avg_length,limo.avg_length_norm,limo.length_mean,limo.length_sd,limo.cor,limo.cor_norm,limo.ratio_mean,limo.ratio_sd,limo.sd_ratio_reg,limo.sd_ratio_norm,limo.sd_mean_reg,limo.sd_mean_norm,nbc.nn_nb.sd_ratio,nbc.nn_nb.mean_ratio,nbc.nn_nb.cor,nbc.dist_ratio.coeff_var,nbc.nb_fitness.cor,disp.ratio_mean_02,disp.ratio_mean_05,disp.ratio_mean_10,disp.ratio_mean_25,disp.ratio_median_02,disp.ratio_median_05,disp.ratio_median_10,disp.ratio_median_25,disp.diff_mean_02,disp.diff_mean_05,disp.diff_mean_10,disp.diff_mean_25,disp.diff_median_02,disp.diff_median_05,disp.diff_median_10,disp.diff_median_25,ic.h_max,ic.eps_s,ic.eps_max,ic.eps_ratio,ic.m0
0.4599590540148443,0.8866777927171284,0.0005980826507280263,0.014277689692357126,79.45437326072718,0.6696701662361563,0.6071864547941865,10.710571033565,0.861573076742215,-3.876381351694829,36.46710248670827,3.8800000000000003,0.05719999999999996,0.05646666666666663,1.0161189825029944,0.10603333333333329,0.09086666666666662,1.1167471404836808,0.19859999999999994,0.1407333333333333,1.3978183412327936,0.9,0.9,0.8181818181818181,0.9090909090909092,0.10663577073383879,0.10627019971436728,0.10662853842582594,0.15291732702681454,,,,,,,,,,,,,0.6315481212804046,0.895749821220696,0.6476121230441308,0.12189308134948533,-0.4408633231321448,0.9122973854491718,0.9664321382227602,0.9762843556515094,1.0022520974785027,0.9027991255610057,0.9633132761668645,0.9742492491713184,1.0014733178132622,-1.1113403520083087,-0.425368607427666,-0.3005144537317544,0.028585912937725964,-1.2339574696380515,-0.46572981727455015,-0.3269090437968563,0.018747977280381235,0.8083990731634986,-1.3331331331331333,0.0031161807441973436,-2.2812812812812817,0.5561268781302171
