ela_meta.lin_simple.adj_r2,ela_meta.lin_simple.intercept,ela_meta.lin_simple.coef.min,ela_meta.lin_simple.coef.max,ela_meta.lin_simple.coef.max_by_min,ela_meta.lin_w_interact.adj_r2,ela_meta.quad_simple.adj_r2,ela_meta.quad_simple.cond,ela_meta.quad_w_interact.adj_r2,ela_distr.skewness,ela_distr.kurtosis,ela_distr.number_of_peaks,ela_level.mmce_lda_10,ela_level.mmce_qda_10,ela_level.lda_qda_10,ela_level.mmce_lda_25,ela_level.mmce_qda_25,ela_level.lda_qda_25,ela_level.mmce_lda_50,ela_level.mmce_qda_50,ela_level.lda_qda_50,pca.expl_var.cov_x,pca.expl_var.cor_x,pca.expl_var.cov_init,pca.expl_var.cor_init,pca.expl_var_PC1.cov_x,pca.expl_var_PC1.cor_x,pca.expl_var_PC1.cov_init,pca.expl_var_PC1.cor_init,limo.avg_length,limo.avg_length_norm,limo.length_mean,limo.length_sd,limo.cor,limo.cor_norm,limo.ratio_mean,limo.ratio_sd,limo.sd_ratio_reg,limo.sd_ratio_norm,limo.sd_mean_reg,limo.sd_mean_norm,nbc.nn_nb.sd_ratio,nbc.nn_nb.mean_ratio,nbc.nn_nb.cor,nbc.dist_ratio.coeff_var,nbc.nb_fitness.cor,disp.ratio_mean_02,disp.ratio_mean_05,disp.ratio_mean_10,disp.ratio_mean_25,disp.ratio_median_02,disp.ratio_median_05,disp.ratio_median_10,disp.ratio_median_25,disp.diff_mean_02,disp.diff_mean_05,disp.diff_mean_10,disp.diff_mean_25,disp.diff_median_02,disp.diff_median_05,disp.diff_median_10,disp.diff_median_25,ic.h_max,ic.eps_s,ic.eps_max,ic.eps_ratio,ic.m0
0.5049636616581454,0.890271315181599,0.0007068834199263458,0.01743949681600743,37.32592969739486,0.7909123674604954,0.6053219271829995,131.9573641046991,0.9324069217151191,-3.448001757134022,33.20838471629531,3.6799999999999997,0.06089999999999997,0.06189999999999997,0.9828460678656838,0.12033333333333326,0.09609999999999996,1.232960358139535,0.1933333333333333,0.12123333333333328,1.591309429491139,0.9,0.9,0.8181818181818181,0.9090909090909092,0.10663577073383879,0.10627019971436728,0.10663376134496934,0.15614682495842241,,,,,,,,,,,,,0.6878346466222696,0.9065886299619196,0.6375477003855883,0.11594455182687757,-0.44402954282342594,0.902255417390894,0.9293975307070003,0.9572373531444412,0.9906830420895962,0.8947461672358337,0.918587015063884,0.9513554554171444,0.9894288785066152,-1.2389928856395815,-0.8947534129316035,-0.541938260124609,-0.11807678370674816,-1.3366511759859978,-1.0336746371982675,-0.6176165231822939,-0.13421858051131935,0.7939473233149045,-1.3051051051051055,0.0034194767761128717,-2.189189189189189,0.5396661101836394
