ela_meta.lin_simple.adj_r2,ela_meta.lin_simple.intercept,ela_meta.lin_simple.coef.min,ela_meta.lin_simple.coef.max,ela_meta.lin_simple.coef.max_by_min,ela_meta.lin_w_interact.adj_r2,ela_meta.quad_simple.adj_r2,ela_meta.quad_simple.cond,ela_meta.quad_w_interact.adj_r2,ela_distr.skewness,ela_distr.kurtosis,ela_distr.number_of_peaks,ela_level.mmce_lda_10,ela_level.mmce_qda_10,ela_level.lda_qda_10,ela_level.mmce_lda_25,ela_level.mmce_qda_25,ela_level.lda_qda_25,ela_level.mmce_lda_50,ela_level.mmce_qda_50,ela_level.lda_qda_50,pca.expl_var.cov_x,pca.expl_var.cor_x,pca.expl_var.cov_init,pca.expl_var.cor_init,pca.expl_var_PC1.cov_x,pca.expl_var_PC1.cor_x,pca.expl_var_PC1.cov_init,pca.expl_var_PC1.cor_init,limo.avg_length,limo.avg_length_norm,limo.length_mean,limo.length_sd,limo.cor,limo.cor_norm,limo.ratio_mean,limo.ratio_sd,limo.sd_ratio_reg,limo.sd_ratio_norm,limo.sd_mean_reg,limo.sd_mean_norm,nbc.nn_nb.sd_ratio,nbc.nn_nb.mean_ratio,nbc.nn_nb.cor,nbc.dist_ratio.coeff_var,nbc.nb_fitness.cor,disp.ratio_mean_02,disp.ratio_mean_05,disp.ratio_mean_10,disp.ratio_mean_25,disp.ratio_median_02,disp.ratio_median_05,disp.ratio_median_10,disp.ratio_median_25,disp.diff_mean_02,disp.diff_mean_05,disp.diff_mean_10,disp.diff_mean_25,disp.diff_median_02,disp.diff_median_05,disp.diff_median_10,disp.diff_median_25,ic.h_max,ic.eps_s,ic.eps_max,ic.eps_ratio,ic.m0
0.12243606406762302,0.9888141857318073,0.0003016138505672622,0.003048362131736892,66.208266642344,0.3810581849872059,0.16945006177958954,11.380922578302542,0.6393471017612161,-18.196234757383856,461.94073394172153,4.4799999999999995,0.060599999999999946,0.059633333333333295,1.0170344828492737,0.11069999999999998,0.09296666666666664,1.163456567673553,0.16276666666666662,0.12213333333333329,1.3268915352101247,0.9,0.9,0.8181818181818181,0.9090909090909092,0.10663577073383879,0.10627019971436728,0.10663354074785128,0.12305049309567848,,,,,,,,,,,,,0.6751224420751117,0.9054945516697392,0.6440241766733058,0.11565619114689678,-0.22752854925997487,0.8832395689120792,0.9232767670964582,0.959162441433574,0.980803732680932,0.8743180815291197,0.9168465029699364,0.9547973108291368,0.9795297629385203,-1.4798428561332542,-0.9723969284022116,-0.5175888447398593,-0.24328876398901805,-1.5959127257277335,-1.0558370932095045,-0.5739730915979361,-0.25991609927529236,0.7037452913245231,-1.7903903903903906,9.690732777455137e-05,-3.641041041041041,0.540601001669449
