ela_meta.lin_simple.adj_r2,ela_meta.lin_simple.intercept,ela_meta.lin_simple.coef.min,ela_meta.lin_simple.coef.max,ela_meta.lin_simple.coef.max_by_min,ela_meta.lin_w_interact.adj_r2,ela_meta.quad_simple.adj_r2,ela_meta.quad_simple.cond,ela_meta.quad_w_interact.adj_r2,ela_distr.skewness,ela_distr.kurtosis,ela_distr.number_of_peaks,ela_level.mmce_lda_10,ela_level.mmce_qda_10,ela_level.lda_qda_10,ela_level.mmce_lda_25,ela_level.mmce_qda_25,ela_level.lda_qda_25,ela_level.mmce_lda_50,ela_level.mmce_qda_50,ela_level.lda_qda_50,pca.expl_var.cov_x,pca.expl_var.cor_x,pca.expl_var.cov_init,pca.expl_var.cor_init,pca.expl_var_PC1.cov_x,pca.expl_var_PC1.cor_x,pca.expl_var_PC1.cov_init,pca.expl_var_PC1.cor_init,limo.avg_length,limo.avg_length_norm,limo.length_mean,limo.length_sd,limo.cor,limo.cor_norm,limo.ratio_mean,limo.ratio_sd,limo.sd_ratio_reg,limo.sd_ratio_norm,limo.sd_mean_reg,limo.sd_mean_norm,nbc.nn_nb.sd_ratio,nbc.nn_nb.mean_ratio,nbc.nn_nb.cor,nbc.dist_ratio.coeff_var,nbc.nb_fitness.cor,disp.ratio_mean_02,disp.ratio_mean_05,disp.ratio_mean_10,disp.ratio_mean_25,disp.ratio_median_02,disp.ratio_median_05,disp.ratio_median_10,disp.ratio_median_25,disp.diff_mean_02,disp.diff_mean_05,disp.diff_mean_10,disp.diff_mean_25,disp.diff_median_02,disp.diff_median_05,disp.diff_median_10,disp.diff_median_25,ic.h_max,ic.eps_s,ic.eps_max,ic.eps_ratio,ic.m0
0.09988159614048855,0.07401500429275308,0.00023388377506161195,0.006140629797668852,126.60430184471662,0.21850422274348946,0.17849128976178447,20.35334317656021,0.34016047321850196,3.3292127311705086,19.920329929973082,4.4,0.09789999999999997,0.09179999999999996,1.0678314751697722,0.22686666666666663,0.1894333333333333,1.198961463765596,0.3593333333333334,0.25976666666666665,1.3854256430900538,0.9,0.9,0.8181818181818181,0.9090909090909092,0.10663577073383879,0.10627019971436728,0.10662447397164661,0.12065956293027136,,,,,,,,,,,,,0.5430301087420943,0.8833442208819537,0.5817237066050837,0.1372208374242289,-0.3355865622996312,1.1051271224992223,1.1056048866206092,1.0892705765822879,1.0677096549908687,1.111830462323651,1.1121382846451753,1.0954377130146604,1.0728206586666096,1.3323579306455646,1.3384818100420677,1.131465163031897,0.858169722022728,1.4199541397783348,1.423910820469445,1.2118519473669234,0.9246456515453456,0.7726974190457957,-1.1193193193193194,0.0030331367429855443,-2.096296296296296,0.6004674457429048
