ela_meta.lin_simple.adj_r2,ela_meta.lin_simple.intercept,ela_meta.lin_simple.coef.min,ela_meta.lin_simple.coef.max,ela_meta.lin_simple.coef.max_by_min,ela_meta.lin_w_interact.adj_r2,ela_meta.quad_simple.adj_r2,ela_meta.quad_simple.cond,ela_meta.quad_w_interact.adj_r2,ela_distr.skewness,ela_distr.kurtosis,ela_distr.number_of_peaks,ela_level.mmce_lda_10,ela_level.mmce_qda_10,ela_level.lda_qda_10,ela_level.mmce_lda_25,ela_level.mmce_qda_25,ela_level.lda_qda_25,ela_level.mmce_lda_50,ela_level.mmce_qda_50,ela_level.lda_qda_50,pca.expl_var.cov_x,pca.expl_var.cor_x,pca.expl_var.cov_init,pca.expl_var.cor_init,pca.expl_var_PC1.cov_x,pca.expl_var_PC1.cor_x,pca.expl_var_PC1.cov_init,pca.expl_var_PC1.cor_init,limo.avg_length,limo.avg_length_norm,limo.length_mean,limo.length_sd,limo.cor,limo.cor_norm,limo.ratio_mean,limo.ratio_sd,limo.sd_ratio_reg,limo.sd_ratio_norm,limo.sd_mean_reg,limo.sd_mean_norm,nbc.nn_nb.sd_ratio,nbc.nn_nb.mean_ratio,nbc.nn_nb.cor,nbc.dist_ratio.coeff_var,nbc.nb_fitness.cor,disp.ratio_mean_02,disp.ratio_mean_05,disp.ratio_mean_10,disp.ratio_mean_25,disp.ratio_median_02,disp.ratio_median_05,disp.ratio_median_10,disp.ratio_median_25,disp.diff_mean_02,disp.diff_mean_05,disp.diff_mean_10,disp.diff_mean_25,disp.diff_median_02,disp.diff_median_05,disp.diff_median_10,disp.diff_median_25,ic.h_max,ic.eps_s,ic.eps_max,ic.eps_ratio,ic.m0
0.5791797305461901,0.7382334117823378,0.0007970419449878221,0.045216070247971626,238.06348479027943,0.570173517313145,0.940971015355054,132.38526507165946,0.9859671885067026,-1.1725689709733937,0.9391815872449039,1.7600000000000002,0.06549999999999996,0.0502333333333333,1.915907502725148,0.11949999999999997,0.0944333333333333,1.586887150057935,0.1857333333333333,0.1294333333333333,1.3682392251641136,0.9,0.9,0.8181818181818181,0.890909090909091,0.10663577073383879,0.10627019971436728,0.1066379570171937,0.1603410014206424,,,,,,,,,,,,,0.5903475712286144,0.8912031669469608,0.6058455795022667,0.12881417285940078,-0.4550993434752125,0.9903695895870378,0.9794254500515456,0.9810885816697169,1.008043832128762,0.9867645355332059,0.9767796577531186,0.9796665432320404,1.0087719407057718,-0.12199850790892293,-0.26070445839904255,-0.23962785407086734,0.1019997315146246,-0.16795848706683064,-0.2947802739603838,-0.2581222816574493,0.11143845825812797,0.7977441646943796,-1.0232232232232232,0.007014592733484555,-1.804004004004004,0.5643739565943239
