ela_meta.lin_simple.adj_r2,ela_meta.lin_simple.intercept,ela_meta.lin_simple.coef.min,ela_meta.lin_simple.coef.max,ela_meta.lin_simple.coef.max_by_min,ela_meta.lin_w_interact.adj_r2,ela_meta.quad_simple.adj_r2,ela_meta.quad_simple.cond,ela_meta.quad_w_interact.adj_r2,ela_distr.skewness,ela_distr.kurtosis,ela_distr.number_of_peaks,ela_level.mmce_lda_10,ela_level.mmce_qda_10,ela_level.lda_qda_10,ela_level.mmce_lda_25,ela_level.mmce_qda_25,ela_level.lda_qda_25,ela_level.mmce_lda_50,ela_level.mmce_qda_50,ela_level.lda_qda_50,pca.expl_var.cov_x,pca.expl_var.cor_x,pca.expl_var.cov_init,pca.expl_var.cor_init,pca.expl_var_PC1.cov_x,pca.expl_var_PC1.cor_x,pca.expl_var_PC1.cov_init,pca.expl_var_PC1.cor_init,limo.avg_length,limo.avg_length_norm,limo.length_mean,limo.length_sd,limo.cor,limo.cor_norm,limo.ratio_mean,limo.ratio_sd,limo.sd_ratio_reg,limo.sd_ratio_norm,limo.sd_mean_reg,limo.sd_mean_norm,nbc.nn_nb.sd_ratio,nbc.nn_nb.mean_ratio,nbc.nn_nb.cor,nbc.dist_ratio.coeff_var,nbc.nb_fitness.cor,disp.ratio_mean_02,disp.ratio_mean_05,disp.ratio_mean_10,disp.ratio_mean_25,disp.ratio_median_02,disp.ratio_median_05,disp.ratio_median_10,disp.ratio_median_25,disp.diff_mean_02,disp.diff_mean_05,disp.diff_mean_10,disp.diff_mean_25,disp.diff_median_02,disp.diff_median_05,disp.diff_median_10,disp.diff_median_25,ic.h_max,ic.eps_s,ic.eps_max,ic.eps_ratio,ic.m0
0.5134258754866206,0.7448706067821342,0.0006712320322046853,0.025659813660458275,888.4173254721925,0.8655673157674878,0.6388257801019686,5.251570738165041,0.9956566520598672,-1.1706772175055091,1.6009684431898976,1.9600000000000002,0.06599999999999996,0.059099999999999965,1.1041374787695957,0.13339999999999994,0.08939999999999997,1.463886086229911,0.2176333333333333,0.10326666666666665,2.0992582131994117,0.9,0.9,0.8181818181818181,0.901818181818182,0.10663577073383879,0.10627019971436728,0.10661979571250138,0.15569170110314562,,,,,,,,,,,,,0.6421275352820358,0.9010731612644733,0.6284638109430892,0.11962361998465387,-0.46564717690869817,0.9545666552232286,0.9909887763280822,0.9970219290802996,1.0102501179867107,0.9360362275432432,0.9797439461004013,0.9943545987317821,1.0102322743250256,-0.5757765232749685,-0.11424547849264888,-0.037732533792798784,0.129929730034039,-0.8121576200064883,-0.2572402588861893,-0.0716752218355611,0.1299441471770343,0.8305265743238763,-1.160960960960961,0.008226821276801164,-1.8176176176176182,0.5507846410684475
