ela_meta.lin_simple.adj_r2,ela_meta.lin_simple.intercept,ela_meta.lin_simple.coef.min,ela_meta.lin_simple.coef.max,ela_meta.lin_simple.coef.max_by_min,ela_meta.lin_w_interact.adj_r2,ela_meta.quad_simple.adj_r2,ela_meta.quad_simple.cond,ela_meta.quad_w_interact.adj_r2,ela_distr.skewness,ela_distr.kurtosis,ela_distr.number_of_peaks,ela_level.mmce_lda_10,ela_level.mmce_qda_10,ela_level.lda_qda_10,ela_level.mmce_lda_25,ela_level.mmce_qda_25,ela_level.lda_qda_25,ela_level.mmce_lda_50,ela_level.mmce_qda_50,ela_level.lda_qda_50,pca.expl_var.cov_x,pca.expl_var.cor_x,pca.expl_var.cov_init,pca.expl_var.cor_init,pca.expl_var_PC1.cov_x,pca.expl_var_PC1.cor_x,pca.expl_var_PC1.cov_init,pca.expl_var_PC1.cor_init,limo.avg_length,limo.avg_length_norm,limo.length_mean,limo.length_sd,limo.cor,limo.cor_norm,limo.ratio_mean,limo.ratio_sd,limo.sd_ratio_reg,limo.sd_ratio_norm,limo.sd_mean_reg,limo.sd_mean_norm,nbc.nn_nb.sd_ratio,nbc.nn_nb.mean_ratio,nbc.nn_nb.cor,nbc.dist_ratio.coeff_var,nbc.nb_fitness.cor,disp.ratio_mean_02,disp.ratio_mean_05,disp.ratio_mean_10,disp.ratio_mean_25,disp.ratio_median_02,disp.ratio_median_05,disp.ratio_median_10,disp.ratio_median_25,disp.diff_mean_02,disp.diff_mean_05,disp.diff_mean_10,disp.diff_mean_25,disp.diff_median_02,disp.diff_median_05,disp.diff_median_10,disp.diff_median_25,ic.h_max,ic.eps_s,ic.eps_max,ic.eps_ratio,ic.m0
0.15894417586995851,0.6713722738538273,0.004373602786091884,0.006346480307644764,1.463146373898736,0.30012875421296814,0.7262752341832253,1.173506586030096,0.8750381284493477,-0.32653237342149505,0.5868644154207981,2.08,0.10136666666666665,0.09736666666666664,1.0414307777773306,0.2738333333333334,0.18883333333333333,1.452721452628909,0.3388333333333334,0.19046666666666662,1.7812557583715747,0.9,0.9,0.8181818181818181,0.9090909090909092,0.10663577073383879,0.10627019971436728,0.1066192557115033,0.12778858648956865,,,,,,,,,,,,,0.4556551929543259,0.8597363274112724,0.5759109462502479,0.1516764554092147,-0.5207654161585473,1.2628141536067836,1.2090200036299519,1.1761352892824708,1.1265905327840713,1.2703318807266821,1.21801431832749,1.1836211874114864,1.1336553339914137,3.3308969967338755,2.649119095510042,2.2323543374288386,1.6044316552683917,3.4325315380452786,2.7681892955132463,2.331517887941243,1.697088411522751,0.8616577713572097,-1.2634634634634636,0.009306072897697115,-1.8032032032032035,0.6001001669449082
