ela_meta.lin_simple.adj_r2,ela_meta.lin_simple.intercept,ela_meta.lin_simple.coef.min,ela_meta.lin_simple.coef.max,ela_meta.lin_simple.coef.max_by_min,ela_meta.lin_w_interact.adj_r2,ela_meta.quad_simple.adj_r2,ela_meta.quad_simple.cond,ela_meta.quad_w_interact.adj_r2,ela_distr.skewness,ela_distr.kurtosis,ela_distr.number_of_peaks,ela_level.mmce_lda_10,ela_level.mmce_qda_10,ela_level.lda_qda_10,ela_level.mmce_lda_25,ela_level.mmce_qda_25,ela_level.lda_qda_25,ela_level.mmce_lda_50,ela_level.mmce_qda_50,ela_level.lda_qda_50,pca.expl_var.cov_x,pca.expl_var.cor_x,pca.expl_var.cov_init,pca.expl_var.cor_init,pca.expl_var_PC1.cov_x,pca.expl_var_PC1.cor_x,pca.expl_var_PC1.cov_init,pca.expl_var_PC1.cor_init,limo.avg_length,limo.avg_length_norm,limo.length_mean,limo.length_sd,limo.cor,limo.cor_norm,limo.ratio_mean,limo.ratio_sd,limo.sd_ratio_reg,limo.sd_ratio_norm,limo.sd_mean_reg,limo.sd_mean_norm,nbc.nn_nb.sd_ratio,nbc.nn_nb.mean_ratio,nbc.nn_nb.cor,nbc.dist_ratio.coeff_var,nbc.nb_fitness.cor,disp.ratio_mean_02,disp.ratio_mean_05,disp.ratio_mean_10,disp.ratio_mean_25,disp.ratio_median_02,disp.ratio_median_05,disp.ratio_median_10,disp.ratio_median_25,disp.diff_mean_02,disp.diff_mean_05,disp.diff_mean_10,disp.diff_mean_25,disp.diff_median_02,disp.diff_median_05,disp.diff_median_10,disp.diff_median_25,ic.h_max,ic.eps_s,ic.eps_max,ic.eps_ratio,ic.m0
0.7327571842273194,0.7136887925424056,0.002450294547718276,0.0278162308635654,20.753678253425022,0.8501290884361911,0.8349727705051858,4.074026661131816,0.966035924199336,-0.8497539618362275,0.9259405074726846,3.5200000000000005,0.05696666666666663,0.05559999999999997,1.024976530336854,0.1059333333333333,0.08746666666666662,1.195806399943206,0.15693333333333329,0.11336666666666662,1.3850044919226034,0.9,0.9,0.8181818181818181,0.8363636363636363,0.10663577073383879,0.10627019971436727,0.10662289003644931,0.1688271930724829,,,,,,,,,,,,,0.6594821464762834,0.9027015597620773,0.635539404505084,0.11851657645598097,-0.4505858816967291,0.9319574147602662,0.9556644407919588,0.9754201537905717,0.9946337676965087,0.9161405663684163,0.9503951176804277,0.9738222395971686,0.9946184277896446,-0.8623127194706008,-0.5618581617140765,-0.3114956220766928,-0.06801538211057674,-1.0646754332911725,-0.6298046852353922,-0.3323623711527133,-0.06834076736800135,0.8274146329320315,-1.230630630630631,0.007551103224366024,-1.8216216216216221,0.5402337228714524
