ela_meta.lin_simple.adj_r2,ela_meta.lin_simple.intercept,ela_meta.lin_simple.coef.min,ela_meta.lin_simple.coef.max,ela_meta.lin_simple.coef.max_by_min,ela_meta.lin_w_interact.adj_r2,ela_meta.quad_simple.adj_r2,ela_meta.quad_simple.cond,ela_meta.quad_w_interact.adj_r2,ela_distr.skewness,ela_distr.kurtosis,ela_distr.number_of_peaks,ela_level.mmce_lda_10,ela_level.mmce_qda_10,ela_level.lda_qda_10,ela_level.mmce_lda_25,ela_level.mmce_qda_25,ela_level.lda_qda_25,ela_level.mmce_lda_50,ela_level.mmce_qda_50,ela_level.lda_qda_50,pca.expl_var.cov_x,pca.expl_var.cor_x,pca.expl_var.cov_init,pca.expl_var.cor_init,pca.expl_var_PC1.cov_x,pca.expl_var_PC1.cor_x,pca.expl_var_PC1.cov_init,pca.expl_var_PC1.cor_init,limo.avg_length,limo.avg_length_norm,limo.length_mean,limo.length_sd,limo.cor,limo.cor_norm,limo.ratio_mean,limo.ratio_sd,limo.sd_ratio_reg,limo.sd_ratio_norm,limo.sd_mean_reg,limo.sd_mean_norm,nbc.nn_nb.sd_ratio,nbc.nn_nb.mean_ratio,nbc.nn_nb.cor,nbc.dist_ratio.coeff_var,nbc.nb_fitness.cor,disp.ratio_mean_02,disp.ratio_mean_05,disp.ratio_mean_10,disp.ratio_mean_25,disp.ratio_median_02,disp.ratio_median_05,disp.ratio_median_10,disp.ratio_median_25,disp.diff_mean_02,disp.diff_mean_05,disp.diff_mean_10,disp.diff_mean_25,disp.diff_median_02,disp.diff_median_05,disp.diff_median_10,disp.diff_median_25,ic.h_max,ic.eps_s,ic.eps_max,ic.eps_ratio,ic.m0
0.39098052343735346,0.9098052991520176,0.000416002295035896,0.012420267481819526,58.421106299421126,0.6375308250170711,0.4836472477754272,24.49120024747172,0.7967618802002818,-4.299442490822692,33.774005876158185,4.840000000000001,0.06503333333333329,0.06589999999999994,0.9792751846370844,0.1469333333333333,0.1251333333333333,1.1716129409779956,0.2320666666666666,0.18416666666666662,1.2750134988012118,0.9,0.9,0.8181818181818181,0.9090909090909092,0.10663577073383879,0.10627019971436728,0.1066271677155414,0.147690672571772,,,,,,,,,,,,,0.638562242967366,0.8963862020748463,0.6204085488465614,0.1245737381853234,-0.4290308310880797,0.9085813984076253,0.9536542415840596,0.9761698035812397,1.0110032985030966,0.9018904073735774,0.9464374339442229,0.9718703943032454,1.0109538112057295,-1.1587365131850962,-0.5873915198370534,-0.3020137132774046,0.1394630815336641,-1.2458744066635368,-0.680097678875355,-0.3571640456026568,0.13908878037475136,0.8118014735584979,-1.2538538538538542,0.00237183757321984,-2.295695695695696,0.5810684474123539
