ela_meta.lin_simple.adj_r2,ela_meta.lin_simple.intercept,ela_meta.lin_simple.coef.min,ela_meta.lin_simple.coef.max,ela_meta.lin_simple.coef.max_by_min,ela_meta.lin_w_interact.adj_r2,ela_meta.quad_simple.adj_r2,ela_meta.quad_simple.cond,ela_meta.quad_w_interact.adj_r2,ela_distr.skewness,ela_distr.kurtosis,ela_distr.number_of_peaks,ela_level.mmce_lda_10,ela_level.mmce_qda_10,ela_level.lda_qda_10,ela_level.mmce_lda_25,ela_level.mmce_qda_25,ela_level.lda_qda_25,ela_level.mmce_lda_50,ela_level.mmce_qda_50,ela_level.lda_qda_50,pca.expl_var.cov_x,pca.expl_var.cor_x,pca.expl_var.cov_init,pca.expl_var.cor_init,pca.expl_var_PC1.cov_x,pca.expl_var_PC1.cor_x,pca.expl_var_PC1.cov_init,pca.expl_var_PC1.cor_init,limo.avg_length,limo.avg_length_norm,limo.length_mean,limo.length_sd,limo.cor,limo.cor_norm,limo.ratio_mean,limo.ratio_sd,limo.sd_ratio_reg,limo.sd_ratio_norm,limo.sd_mean_reg,limo.sd_mean_norm,nbc.nn_nb.sd_ratio,nbc.nn_nb.mean_ratio,nbc.nn_nb.cor,nbc.dist_ratio.coeff_var,nbc.nb_fitness.cor,disp.ratio_mean_02,disp.ratio_mean_05,disp.ratio_mean_10,disp.ratio_mean_25,disp.ratio_median_02,disp.ratio_median_05,disp.ratio_median_10,disp.ratio_median_25,disp.diff_mean_02,disp.diff_mean_05,disp.diff_mean_10,disp.diff_mean_25,disp.diff_median_02,disp.diff_median_05,disp.diff_median_10,disp.diff_median_25,ic.h_max,ic.eps_s,ic.eps_max,ic.eps_ratio,ic.m0
0.6828675725006932,0.705638206467593,8.105635175836924e-05,0.06932144500247192,1258.016700556563,0.674665127664189,0.9979269860164706,8087.313879405023,0.9984840815521672,-0.8305684157642481,-0.37614086175508576,1.48,0.07856666666666663,0.0394333333333333,2.650806290918174,0.08309999999999995,0.05193333333333329,2.1163432318198323,0.12269999999999996,0.08706666666666661,1.2093283230419238,0.9,0.9,0.8181818181818181,0.8545454545454545,0.10663577073383879,0.10627019971436727,0.10667411279883984,0.16528149495755617,,,,,,,,,,,,,0.6272534310565782,0.9022513040147315,0.5966617539153443,0.1237442717655165,-0.4094863213870566,0.9746387307260079,0.9701304975731834,0.9750009392636299,0.9750120420538325,0.9632250273002431,0.9671818659456995,0.9749110383361186,0.9747701263803998,-0.3214561063615721,-0.3785890414571714,-0.3168443569820825,-0.3166895072211594,-0.46697832107468473,-0.4167483268644814,-0.3185757104601702,-0.32034731059962873,0.7993116170372911,-1.0144144144144143,0.01013803939163704,-1.7183183183183186,0.5545242070116861
