ela_meta.lin_simple.adj_r2,ela_meta.lin_simple.intercept,ela_meta.lin_simple.coef.min,ela_meta.lin_simple.coef.max,ela_meta.lin_simple.coef.max_by_min,ela_meta.lin_w_interact.adj_r2,ela_meta.quad_simple.adj_r2,ela_meta.quad_simple.cond,ela_meta.quad_w_interact.adj_r2,ela_distr.skewness,ela_distr.kurtosis,ela_distr.number_of_peaks,ela_level.mmce_lda_10,ela_level.mmce_qda_10,ela_level.lda_qda_10,ela_level.mmce_lda_25,ela_level.mmce_qda_25,ela_level.lda_qda_25,ela_level.mmce_lda_50,ela_level.mmce_qda_50,ela_level.lda_qda_50,pca.expl_var.cov_x,pca.expl_var.cor_x,pca.expl_var.cov_init,pca.expl_var.cor_init,pca.expl_var_PC1.cov_x,pca.expl_var_PC1.cor_x,pca.expl_var_PC1.cov_init,pca.expl_var_PC1.cor_init,limo.avg_length,limo.avg_length_norm,limo.length_mean,limo.length_sd,limo.cor,limo.cor_norm,limo.ratio_mean,limo.ratio_sd,limo.sd_ratio_reg,limo.sd_ratio_norm,limo.sd_mean_reg,limo.sd_mean_norm,nbc.nn_nb.sd_ratio,nbc.nn_nb.mean_ratio,nbc.nn_nb.cor,nbc.dist_ratio.coeff_var,nbc.nb_fitness.cor,disp.ratio_mean_02,disp.ratio_mean_05,disp.ratio_mean_10,disp.ratio_mean_25,disp.ratio_median_02,disp.ratio_median_05,disp.ratio_median_10,disp.ratio_median_25,disp.diff_mean_02,disp.diff_mean_05,disp.diff_mean_10,disp.diff_mean_25,disp.diff_median_02,disp.diff_median_05,disp.diff_median_10,disp.diff_median_25,ic.h_max,ic.eps_s,ic.eps_max,ic.eps_ratio,ic.m0
0.24079213052495835,0.8773589104984458,0.0005233290376467378,0.014006587241062896,40.741793608601675,0.8951151773644248,0.3318858559511611,200.38695160300213,0.9951703035412258,-2.1244637602199132,5.420272104986117,3.4,0.07433333333333332,0.05333333333333329,1.3276192938680134,0.16499999999999998,0.06783333333333327,2.2881627211077658,0.3277333333333333,0.07429999999999995,4.32901075813387,0.9,0.9,0.8181818181818181,0.9090909090909092,0.10663577073383879,0.10627019971436728,0.10661171325655996,0.12834426701082283,,,,,,,,,,,,,0.6850724747604072,0.9104150351135589,0.6204937506516127,0.11383579897181813,-0.4675440962014492,0.9372436204732129,0.9786957928993735,0.9944085527462061,1.004195917423981,0.9450673200599639,0.9860801850843615,1.0068521539694442,1.0085073284566408,-0.7954765190570505,-0.27007924796469385,-0.07092016139156683,0.05316637512350049,-0.6976628086308361,-0.176847272570743,0.08693255037361144,0.10800708559080512,0.7804457715741757,-1.108908908908909,0.004247170987255628,-1.9505505505505512,0.5729215358931553
