ela_meta.lin_simple.adj_r2,ela_meta.lin_simple.intercept,ela_meta.lin_simple.coef.min,ela_meta.lin_simple.coef.max,ela_meta.lin_simple.coef.max_by_min,ela_meta.lin_w_interact.adj_r2,ela_meta.quad_simple.adj_r2,ela_meta.quad_simple.cond,ela_meta.quad_w_interact.adj_r2,ela_distr.skewness,ela_distr.kurtosis,ela_distr.number_of_peaks,ela_level.mmce_lda_10,ela_level.mmce_qda_10,ela_level.lda_qda_10,ela_level.mmce_lda_25,ela_level.mmce_qda_25,ela_level.lda_qda_25,ela_level.mmce_lda_50,ela_level.mmce_qda_50,ela_level.lda_qda_50,pca.expl_var.cov_x,pca.expl_var.cor_x,pca.expl_var.cov_init,pca.expl_var.cor_init,pca.expl_var_PC1.cov_x,pca.expl_var_PC1.cor_x,pca.expl_var_PC1.cov_init,pca.expl_var_PC1.cor_init,limo.avg_length,limo.avg_length_norm,limo.length_mean,limo.length_sd,limo.cor,limo.cor_norm,limo.ratio_mean,limo.ratio_sd,limo.sd_ratio_reg,limo.sd_ratio_norm,limo.sd_mean_reg,limo.sd_mean_norm,nbc.nn_nb.sd_ratio,nbc.nn_nb.mean_ratio,nbc.nn_nb.cor,nbc.dist_ratio.coeff_var,nbc.nb_fitness.cor,disp.ratio_mean_02,disp.ratio_mean_05,disp.ratio_mean_10,disp.ratio_mean_25,disp.ratio_median_02,disp.ratio_median_05,disp.ratio_median_10,disp.ratio_median_25,disp.diff_mean_02,disp.diff_mean_05,disp.diff_mean_10,disp.diff_mean_25,disp.diff_median_02,disp.diff_median_05,disp.diff_median_10,disp.diff_median_25,ic.h_max,ic.eps_s,ic.eps_max,ic.eps_ratio,ic.m0
0.6215556860078378,0.5651808108572026,0.00142986582933952,0.024261552957071476,21.111884522984827,0.7881172678155186,0.8149261523244317,2.900429600954212,0.992875438241998,-0.2110956077795743,0.025463538607080533,1.44,0.05823333333333329,0.05779999999999995,1.0150478132057863,0.12329999999999997,0.09619999999999992,1.2663482474219452,0.19049999999999995,0.11903333333333328,1.574617306935114,0.9,0.9,0.8181818181818181,0.8727272727272727,0.10663577073383879,0.10627019971436728,0.10661756474046528,0.1630002119156015,,,,,,,,,,,,,0.6139603266506857,0.8929030164192696,0.6414963543357984,0.12416749181254087,-0.4561242459241613,0.9446365709892707,0.9712779912882225,0.9944194026598134,1.0217721008089253,0.9433242270950432,0.9692343924114004,0.9907530593165262,1.021738843798985,-0.701740067008687,-0.3640539435653101,-0.07070304468379086,0.2759416359706871,-0.7197430104114193,-0.3906927801959836,-0.11738445515364981,0.27602371376395285,0.8427621206873932,-1.2914914914914915,0.008787987253723036,-1.8296296296296302,0.5525208681135225
