ela_meta.lin_simple.adj_r2,ela_meta.lin_simple.intercept,ela_meta.lin_simple.coef.min,ela_meta.lin_simple.coef.max,ela_meta.lin_simple.coef.max_by_min,ela_meta.lin_w_interact.adj_r2,ela_meta.quad_simple.adj_r2,ela_meta.quad_simple.cond,ela_meta.quad_w_interact.adj_r2,ela_distr.skewness,ela_distr.kurtosis,ela_distr.number_of_peaks,ela_level.mmce_lda_10,ela_level.mmce_qda_10,ela_level.lda_qda_10,ela_level.mmce_lda_25,ela_level.mmce_qda_25,ela_level.lda_qda_25,ela_level.mmce_lda_50,ela_level.mmce_qda_50,ela_level.lda_qda_50,pca.expl_var.cov_x,pca.expl_var.cor_x,pca.expl_var.cov_init,pca.expl_var.cor_init,pca.expl_var_PC1.cov_x,pca.expl_var_PC1.cor_x,pca.expl_var_PC1.cov_init,pca.expl_var_PC1.cor_init,limo.avg_length,limo.avg_length_norm,limo.length_mean,limo.length_sd,limo.cor,limo.cor_norm,limo.ratio_mean,limo.ratio_sd,limo.sd_ratio_reg,limo.sd_ratio_norm,limo.sd_mean_reg,limo.sd_mean_norm,nbc.nn_nb.sd_ratio,nbc.nn_nb.mean_ratio,nbc.nn_nb.cor,nbc.dist_ratio.coeff_var,nbc.nb_fitness.cor,disp.ratio_mean_02,disp.ratio_mean_05,disp.ratio_mean_10,disp.ratio_mean_25,disp.ratio_median_02,disp.ratio_median_05,disp.ratio_median_10,disp.ratio_median_25,disp.diff_mean_02,disp.diff_mean_05,disp.diff_mean_10,disp.diff_mean_25,disp.diff_median_02,disp.diff_median_05,disp.diff_median_10,disp.diff_median_25,ic.h_max,ic.eps_s,ic.eps_max,ic.eps_ratio,ic.m0
0.38768375912694425,0.9148156692647014,0.00033113113602589587,0.011732366999970347,133.37755824207844,0.6266402912025015,0.4716882565135124,636.3412418587154,0.7752360996904535,-4.739893242798582,40.146181637972106,5.44,0.06419999999999995,0.06576666666666661,0.9695258031161602,0.14589999999999997,0.12346666666666664,1.1762514888436708,0.2296333333333333,0.17656666666666662,1.3068670265729694,0.9,0.9,0.8181818181818181,0.9090909090909092,0.10663577073383879,0.10627019971436728,0.10662791811634913,0.14729841556779283,,,,,,,,,,,,,0.6504310598877476,0.8982686758157922,0.6221678613161995,0.12350824685049103,-0.4286324340011901,0.9042179167273069,0.9420442401580973,0.9679117980746709,1.0092359030135694,0.8913646531369805,0.9375864698833398,0.963324474923094,1.008673399314031,-1.2140537089087928,-0.7345535510488351,-0.40667402332581026,0.11706697960341812,-1.379543305338243,-0.7925283935091034,-0.4656895011705027,0.11013502630254898,0.8113156386314913,-1.2754754754754756,0.0024407082369037004,-2.329329329329329,0.5836393989983305
