ela_meta.lin_simple.adj_r2,ela_meta.lin_simple.intercept,ela_meta.lin_simple.coef.min,ela_meta.lin_simple.coef.max,ela_meta.lin_simple.coef.max_by_min,ela_meta.lin_w_interact.adj_r2,ela_meta.quad_simple.adj_r2,ela_meta.quad_simple.cond,ela_meta.quad_w_interact.adj_r2,ela_distr.skewness,ela_distr.kurtosis,ela_distr.number_of_peaks,ela_level.mmce_lda_10,ela_level.mmce_qda_10,ela_level.lda_qda_10,ela_level.mmce_lda_25,ela_level.mmce_qda_25,ela_level.lda_qda_25,ela_level.mmce_lda_50,ela_level.mmce_qda_50,ela_level.lda_qda_50,pca.expl_var.cov_x,pca.expl_var.cor_x,pca.expl_var.cov_init,pca.expl_var.cor_init,pca.expl_var_PC1.cov_x,pca.expl_var_PC1.cor_x,pca.expl_var_PC1.cov_init,pca.expl_var_PC1.cor_init,limo.avg_length,limo.avg_length_norm,limo.length_mean,limo.length_sd,limo.cor,limo.cor_norm,limo.ratio_mean,limo.ratio_sd,limo.sd_ratio_reg,limo.sd_ratio_norm,limo.sd_mean_reg,limo.sd_mean_norm,nbc.nn_nb.sd_ratio,nbc.nn_nb.mean_ratio,nbc.nn_nb.cor,nbc.dist_ratio.coeff_var,nbc.nb_fitness.cor,disp.ratio_mean_02,disp.ratio_mean_05,disp.ratio_mean_10,disp.ratio_mean_25,disp.ratio_median_02,disp.ratio_median_05,disp.ratio_median_10,disp.ratio_median_25,disp.diff_mean_02,disp.diff_mean_05,disp.diff_mean_10,disp.diff_mean_25,disp.diff_median_02,disp.diff_median_05,disp.diff_median_10,disp.diff_median_25,ic.h_max,ic.eps_s,ic.eps_max,ic.eps_ratio,ic.m0
0.03973507636154096,0.8639792894528439,0.00020718942229438686,0.004722511977595484,71.77805395600657,0.1594428465934299,0.5567856206193117,1.6442851479887228,0.7429207003371979,-2.7438692362983392,18.915540114483967,3.7600000000000002,0.1,0.09809999999999997,1.0195248088269473,0.2489333333333333,0.20909999999999998,1.1921415363534371,0.43489999999999995,0.2296333333333333,1.8956650465924416,0.9,0.9,0.8181818181818181,0.9090909090909092,0.10663577073383879,0.10627019971436728,0.10662372864174456,0.11152174874602645,,,,,,,,,,,,,0.46851908136847786,0.8627310539152745,0.5742516566334548,0.1483780339002765,-0.5346222309138671,1.2300735937636769,1.1940325602633703,1.1710495622222012,1.1307774842504945,1.2380447017247664,1.200790163988211,1.177606069014363,1.1374740678620352,2.915972043257913,2.4591296031035377,2.167911963849627,1.657496570051567,3.022588745097449,2.549492979837171,2.2551678210811543,1.7455760050360347,0.843525591161687,-1.2762762762762763,0.005133318014212041,-2.0202202202202204,0.5979632721202004
