ela_meta.lin_simple.adj_r2,ela_meta.lin_simple.intercept,ela_meta.lin_simple.coef.min,ela_meta.lin_simple.coef.max,ela_meta.lin_simple.coef.max_by_min,ela_meta.lin_w_interact.adj_r2,ela_meta.quad_simple.adj_r2,ela_meta.quad_simple.cond,ela_meta.quad_w_interact.adj_r2,ela_distr.skewness,ela_distr.kurtosis,ela_distr.number_of_peaks,ela_level.mmce_lda_10,ela_level.mmce_qda_10,ela_level.lda_qda_10,ela_level.mmce_lda_25,ela_level.mmce_qda_25,ela_level.lda_qda_25,ela_level.mmce_lda_50,ela_level.mmce_qda_50,ela_level.lda_qda_50,pca.expl_var.cov_x,pca.expl_var.cor_x,pca.expl_var.cov_init,pca.expl_var.cor_init,pca.expl_var_PC1.cov_x,pca.expl_var_PC1.cor_x,pca.expl_var_PC1.cov_init,pca.expl_var_PC1.cor_init,limo.avg_length,limo.avg_length_norm,limo.length_mean,limo.length_sd,limo.cor,limo.cor_norm,limo.ratio_mean,limo.ratio_sd,limo.sd_ratio_reg,limo.sd_ratio_norm,limo.sd_mean_reg,limo.sd_mean_norm,nbc.nn_nb.sd_ratio,nbc.nn_nb.mean_ratio,nbc.nn_nb.cor,nbc.dist_ratio.coeff_var,nbc.nb_fitness.cor,disp.ratio_mean_02,disp.ratio_mean_05,disp.ratio_mean_10,disp.ratio_mean_25,disp.ratio_median_02,disp.ratio_median_05,disp.ratio_median_10,disp.ratio_median_25,disp.diff_mean_02,disp.diff_mean_05,disp.diff_mean_10,disp.diff_mean_25,disp.diff_median_02,disp.diff_median_05,disp.diff_median_10,disp.diff_median_25,ic.h_max,ic.eps_s,ic.eps_max,ic.eps_ratio,ic.m0
0.0005082043153736075,0.6742090877701813,0.00023589550551570958,0.0029598431670675523,31.046480163145333,0.005453597306818913,0.00011758597995414812,62.846122304060806,0.0018276243950957009,-0.753070073896233,0.6940665948195355,1.44,0.1,0.10056666666666662,0.9944556523816861,0.25,0.25863333333333327,0.9668778457646064,0.4945666666666666,0.49516666666666664,1.000535225744603,0.9,0.9,0.8181818181818181,0.9090909090909092,0.10663577073383879,0.10627019971436728,0.10660352644226231,0.10010906894928122,,,,,,,,,,,,,0.621931745411975,0.8961316577382986,0.5015917307126054,0.13512575584995834,-0.6313737919210451,0.9876538494545791,0.996700491975498,0.9975025897799732,0.9977523472021149,0.9919773012818623,0.9977966751347267,0.9971414983458475,0.9978941111974592,-0.15651766881141052,-0.04186529726853372,-0.031650430791017904,-0.02848720047977975,-0.10194654752764157,-0.028017237957968462,-0.03628944752313662,-0.026737655997472104,0.8670818985143708,-0.9175175175175173,0.015270309824517261,-1.5517517517517516,0.6633388981636061
