ela_meta.lin_simple.adj_r2,ela_meta.lin_simple.intercept,ela_meta.lin_simple.coef.min,ela_meta.lin_simple.coef.max,ela_meta.lin_simple.coef.max_by_min,ela_meta.lin_w_interact.adj_r2,ela_meta.quad_simple.adj_r2,ela_meta.quad_simple.cond,ela_meta.quad_w_interact.adj_r2,ela_distr.skewness,ela_distr.kurtosis,ela_distr.number_of_peaks,ela_level.mmce_lda_10,ela_level.mmce_qda_10,ela_level.lda_qda_10,ela_level.mmce_lda_25,ela_level.mmce_qda_25,ela_level.lda_qda_25,ela_level.mmce_lda_50,ela_level.mmce_qda_50,ela_level.lda_qda_50,pca.expl_var.cov_x,pca.expl_var.cor_x,pca.expl_var.cov_init,pca.expl_var.cor_init,pca.expl_var_PC1.cov_x,pca.expl_var_PC1.cor_x,pca.expl_var_PC1.cov_init,pca.expl_var_PC1.cor_init,limo.avg_length,limo.avg_length_norm,limo.length_mean,limo.length_sd,limo.cor,limo.cor_norm,limo.ratio_mean,limo.ratio_sd,limo.sd_ratio_reg,limo.sd_ratio_norm,limo.sd_mean_reg,limo.sd_mean_norm,nbc.nn_nb.sd_ratio,nbc.nn_nb.mean_ratio,nbc.nn_nb.cor,nbc.dist_ratio.coeff_var,nbc.nb_fitness.cor,disp.ratio_mean_02,disp.ratio_mean_05,disp.ratio_mean_10,disp.ratio_mean_25,disp.ratio_median_02,disp.ratio_median_05,disp.ratio_median_10,disp.ratio_median_25,disp.diff_mean_02,disp.diff_mean_05,disp.diff_mean_10,disp.diff_mean_25,disp.diff_median_02,disp.diff_median_05,disp.diff_median_10,disp.diff_median_25,ic.h_max,ic.eps_s,ic.eps_max,ic.eps_ratio,ic.m0
0.6681468239164283,0.7673477367348636,0.0003814777392811518,0.027101909909233262,542.147494313705,0.7342501727833929,0.9184044868744007,91.07779258363823,0.9986729843447628,-1.2063824216558727,1.711169352974947,2.2399999999999998,0.047433333333333286,0.05176666666666663,0.9177088519879681,0.10929999999999995,0.09909999999999994,1.1034317385864507,0.17396666666666666,0.12886666666666663,1.3517349513327162,0.9,0.9,0.8181818181818181,0.9090909090909092,0.10663577073383879,0.10627019971436728,0.10663840061083588,0.16562298681070553,,,,,,,,,,,,,0.6317741483657835,0.8933839268383448,0.6396521734452068,0.12438900594348927,-0.4622914917939275,0.9132747774084844,0.9424287292878988,0.9673104657911852,1.0010027913900434,0.8998728769822991,0.9367336189071483,0.9620642687943898,0.9992267708990348,-1.0991929827124394,-0.7295483757613559,-0.4142947249326695,0.012729350754750662,-1.271361044065397,-0.8032027737930447,-0.48168005165245925,-0.009800548725358741,0.8248045318769325,-1.1681681681681684,0.007722775563155407,-1.8496496496496502,0.556661101836394
