ela_meta.lin_simple.adj_r2,ela_meta.lin_simple.intercept,ela_meta.lin_simple.coef.min,ela_meta.lin_simple.coef.max,ela_meta.lin_simple.coef.max_by_min,ela_meta.lin_w_interact.adj_r2,ela_meta.quad_simple.adj_r2,ela_meta.quad_simple.cond,ela_meta.quad_w_interact.adj_r2,ela_distr.skewness,ela_distr.kurtosis,ela_distr.number_of_peaks,ela_level.mmce_lda_10,ela_level.mmce_qda_10,ela_level.lda_qda_10,ela_level.mmce_lda_25,ela_level.mmce_qda_25,ela_level.lda_qda_25,ela_level.mmce_lda_50,ela_level.mmce_qda_50,ela_level.lda_qda_50,pca.expl_var.cov_x,pca.expl_var.cor_x,pca.expl_var.cov_init,pca.expl_var.cor_init,pca.expl_var_PC1.cov_x,pca.expl_var_PC1.cor_x,pca.expl_var_PC1.cov_init,pca.expl_var_PC1.cor_init,limo.avg_length,limo.avg_length_norm,limo.length_mean,limo.length_sd,limo.cor,limo.cor_norm,limo.ratio_mean,limo.ratio_sd,limo.sd_ratio_reg,limo.sd_ratio_norm,limo.sd_mean_reg,limo.sd_mean_norm,nbc.nn_nb.sd_ratio,nbc.nn_nb.mean_ratio,nbc.nn_nb.cor,nbc.dist_ratio.coeff_var,nbc.nb_fitness.cor,disp.ratio_mean_02,disp.ratio_mean_05,disp.ratio_mean_10,disp.ratio_mean_25,disp.ratio_median_02,disp.ratio_median_05,disp.ratio_median_10,disp.ratio_median_25,disp.diff_mean_02,disp.diff_mean_05,disp.diff_mean_10,disp.diff_mean_25,disp.diff_median_02,disp.diff_median_05,disp.diff_median_10,disp.diff_median_25,ic.h_max,ic.eps_s,ic.eps_max,ic.eps_ratio,ic.m0
0.033147644153859734,0.135795506627735,0.0002626387267007659,0.004497462446715296,42.134208828623464,0.0948245893155368,0.15632722668860013,5.501495868560573,0.23898468166272427,2.221186900848305,9.524061395788987,4.36,0.09990000000000002,0.09936666666666663,1.0055761932627456,0.24816666666666665,0.22959999999999997,1.0815343661736894,0.4361,0.34923333333333334,1.2491065646751205,0.9,0.9,0.8181818181818181,0.9090909090909092,0.10663577073383879,0.10627019971436728,0.1066214832143684,0.10922126545766216,,,,,,,,,,,,,0.48518755030829075,0.8729546315472042,0.5329157205267736,0.14745708888392073,-0.4224957701509181,1.2037384480714242,1.157464609307607,1.1312041972821316,1.0891370862376393,1.2084055086021634,1.1649042419603433,1.1386392234832763,1.0948465543288024,2.5822653242108684,1.9957480065540387,1.6629264678176163,1.129751046650692,2.6462965398853484,2.0938945659982613,1.760394989326008,1.204327779011886,0.835761050804815,-1.0648648648648649,0.006479086472096893,-1.8672672672672674,0.6272454090150251
