ela_meta.lin_simple.adj_r2,ela_meta.lin_simple.intercept,ela_meta.lin_simple.coef.min,ela_meta.lin_simple.coef.max,ela_meta.lin_simple.coef.max_by_min,ela_meta.lin_w_interact.adj_r2,ela_meta.quad_simple.adj_r2,ela_meta.quad_simple.cond,ela_meta.quad_w_interact.adj_r2,ela_distr.skewness,ela_distr.kurtosis,ela_distr.number_of_peaks,ela_level.mmce_lda_10,ela_level.mmce_qda_10,ela_level.lda_qda_10,ela_level.mmce_lda_25,ela_level.mmce_qda_25,ela_level.lda_qda_25,ela_level.mmce_lda_50,ela_level.mmce_qda_50,ela_level.lda_qda_50,pca.expl_var.cov_x,pca.expl_var.cor_x,pca.expl_var.cov_init,pca.expl_var.cor_init,pca.expl_var_PC1.cov_x,pca.expl_var_PC1.cor_x,pca.expl_var_PC1.cov_init,pca.expl_var_PC1.cor_init,limo.avg_length,limo.avg_length_norm,limo.length_mean,limo.length_sd,limo.cor,limo.cor_norm,limo.ratio_mean,limo.ratio_sd,limo.sd_ratio_reg,limo.sd_ratio_norm,limo.sd_mean_reg,limo.sd_mean_norm,nbc.nn_nb.sd_ratio,nbc.nn_nb.mean_ratio,nbc.nn_nb.cor,nbc.dist_ratio.coeff_var,nbc.nb_fitness.cor,disp.ratio_mean_02,disp.ratio_mean_05,disp.ratio_mean_10,disp.ratio_mean_25,disp.ratio_median_02,disp.ratio_median_05,disp.ratio_median_10,disp.ratio_median_25,disp.diff_mean_02,disp.diff_mean_05,disp.diff_mean_10,disp.diff_mean_25,disp.diff_median_02,disp.diff_median_05,disp.diff_median_10,disp.diff_median_25,ic.h_max,ic.eps_s,ic.eps_max,ic.eps_ratio,ic.m0
0.5793900800180632,0.74591039450492,0.0013664951421473639,0.029511770155983857,39.8304455215564,0.5823544891045495,0.9241116442815684,81.79926040284325,0.9944531165132592,-0.8382047040388032,0.74264434891652,1.6800000000000002,0.07436666666666662,0.07829999999999994,0.9496587397129612,0.14506666666666662,0.1229333333333333,1.1807304302969697,0.2259666666666666,0.17129999999999995,1.3205661869241987,0.9,0.9,0.8181818181818181,0.9090909090909092,0.10663577073383879,0.10627019971436728,0.10662108440445794,0.16100683683037903,,,,,,,,,,,,,0.5632288321174121,0.881273857941849,0.6154800470639061,0.13354205813145983,-0.48639713321848826,1.0159710978200405,1.0276919330244287,1.0320540310048243,1.0389929348112168,1.016357002614945,1.0320490350042253,1.0320213640213352,1.040360741700839,0.20259368579316286,0.35104201292193304,0.4063349016496818,0.494253584261575,0.20784242437799033,0.40702799503723835,0.4066810647611533,0.5125297590007339,0.8414452171861188,-1.1505505505505507,0.009581437071256697,-1.7655655655655653,0.5737228714524207
