ela_meta.lin_simple.adj_r2,ela_meta.lin_simple.intercept,ela_meta.lin_simple.coef.min,ela_meta.lin_simple.coef.max,ela_meta.lin_simple.coef.max_by_min,ela_meta.lin_w_interact.adj_r2,ela_meta.quad_simple.adj_r2,ela_meta.quad_simple.cond,ela_meta.quad_w_interact.adj_r2,ela_distr.skewness,ela_distr.kurtosis,ela_distr.number_of_peaks,ela_level.mmce_lda_10,ela_level.mmce_qda_10,ela_level.lda_qda_10,ela_level.mmce_lda_25,ela_level.mmce_qda_25,ela_level.lda_qda_25,ela_level.mmce_lda_50,ela_level.mmce_qda_50,ela_level.lda_qda_50,pca.expl_var.cov_x,pca.expl_var.cor_x,pca.expl_var.cov_init,pca.expl_var.cor_init,pca.expl_var_PC1.cov_x,pca.expl_var_PC1.cor_x,pca.expl_var_PC1.cov_init,pca.expl_var_PC1.cor_init,limo.avg_length,limo.avg_length_norm,limo.length_mean,limo.length_sd,limo.cor,limo.cor_norm,limo.ratio_mean,limo.ratio_sd,limo.sd_ratio_reg,limo.sd_ratio_norm,limo.sd_mean_reg,limo.sd_mean_norm,nbc.nn_nb.sd_ratio,nbc.nn_nb.mean_ratio,nbc.nn_nb.cor,nbc.dist_ratio.coeff_var,nbc.nb_fitness.cor,disp.ratio_mean_02,disp.ratio_mean_05,disp.ratio_mean_10,disp.ratio_mean_25,disp.ratio_median_02,disp.ratio_median_05,disp.ratio_median_10,disp.ratio_median_25,disp.diff_mean_02,disp.diff_mean_05,disp.diff_mean_10,disp.diff_mean_25,disp.diff_median_02,disp.diff_median_05,disp.diff_median_10,disp.diff_median_25,ic.h_max,ic.eps_s,ic.eps_max,ic.eps_ratio,ic.m0
0.5340235706064214,0.806505406979392,0.00021699990260083514,0.04896130352870341,991.6533023855573,0.5225122936557239,0.8937604795916533,671.7274985435997,0.9802098056454037,-1.5171919124979354,1.5711347859194464,1.8800000000000001,0.0708333333333333,0.03893333333333329,2.0279261268659132,0.10369999999999994,0.09169999999999993,1.1181834099277914,0.2197666666666666,0.16156666666666664,1.3782769895975724,0.9,0.9,0.8181818181818181,0.9090909090909092,0.10663577073383879,0.10627019971436728,0.10661132066805387,0.15774831769640535,,,,,,,,,,,,,0.5955720505732509,0.8886518684696135,0.6071288638859633,0.12974065106728772,-0.44698940926260367,1.0095278632988482,0.9846093021443227,0.9673618099609291,0.9962402273440482,1.0093835582294999,0.984689571668854,0.9654627987895237,0.9952405657702977,0.12085794074354998,-0.19502440652310665,-0.4136064415279552,-0.04759820740916778,0.11920873575164999,-0.19436897112416168,-0.4384700612675451,-0.0603765941129021,0.7640939988478964,-0.9519519519519516,0.004389849932623396,-1.763963963963964,0.5830050083472453
